{
  "token_acc":1.0,
  "token_p":0.9981990095,
  "token_r":0.9990986931,
  "token_f":0.9986486486,
  "tag_acc":0.217750413,
  "pos_acc":0.1575311608,
  "morph_acc":0.2771853409,
  "morph_micro_p":0.5560933718,
  "morph_micro_r":0.1608336344,
  "morph_micro_f":0.2495052279,
  "morph_per_feat":{
    "Case":{
      "p":0.6717791411,
      "r":0.1440220965,
      "f":0.2371926784
    },
    "Gender":{
      "p":0.5024570025,
      "r":0.1084736772,
      "f":0.1784273094
    },
    "Number":{
      "p":0.8206871868,
      "r":0.2460300429,
      "f":0.3785702493
    },
    "Aspect":{
      "p":0.2617534943,
      "r":0.1443587947,
      "f":0.1860885276
    },
    "Mood":{
      "p":0.4484536082,
      "r":0.3040186372,
      "f":0.3623741756
    },
    "Person":{
      "p":0.4702430847,
      "r":0.2133079848,
      "f":0.2934867905
    },
    "Tense":{
      "p":0.455311973,
      "r":0.197080292,
      "f":0.2750891493
    },
    "VerbForm":{
      "p":0.4881956155,
      "r":0.2112367749,
      "f":0.294881589
    },
    "Voice":{
      "p":0.3887015177,
      "r":0.1682481752,
      "f":0.2348446256
    },
    "PronType":{
      "p":0.9210526316,
      "r":0.0117056856,
      "f":0.0231175694
    },
    "Degree":{
      "p":1.0,
      "r":0.0013089005,
      "f":0.0026143791
    },
    "Definite":{
      "p":0.0,
      "r":0.0,
      "f":0.0
    },
    "Reflex":{
      "p":0.0,
      "r":0.0,
      "f":0.0
    },
    "Polarity":{
      "p":0.75,
      "r":0.0542986425,
      "f":0.1012658228
    },
    "Poss":{
      "p":0.0,
      "r":0.0,
      "f":0.0
    }
  },
  "sents_p":0.0005058169,
  "sents_r":0.0028653295,
  "sents_f":0.0008598452,
  "dep_uas":0.051597882,
  "dep_las":0.0392790086,
  "dep_las_per_type":{
    "iobj":{
      "p":0.0,
      "r":0.0,
      "f":0.0
    },
    "root":{
      "p":0.0881361645,
      "r":0.4995224451,
      "f":0.1498352672
    },
    "nsubj":{
      "p":0.0,
      "r":0.0,
      "f":0.0
    },
    "advmod":{
      "p":0.0,
      "r":0.0,
      "f":0.0
    },
    "advcl":{
      "p":0.0,
      "r":0.0,
      "f":0.0
    },
    "ccomp":{
      "p":0.0,
      "r":0.0,
      "f":0.0
    },
    "discourse":{
      "p":0.0,
      "r":0.0,
      "f":0.0
    },
    "obj":{
      "p":0.0,
      "r":0.0,
      "f":0.0
    },
    "det":{
      "p":0.0,
      "r":0.0,
      "f":0.0
    },
    "nmod":{
      "p":0.0,
      "r":0.0,
      "f":0.0
    },
    "cop":{
      "p":0.0,
      "r":0.0,
      "f":0.0
    },
    "appos":{
      "p":0.0,
      "r":0.0,
      "f":0.0
    },
    "case":{
      "p":0.0,
      "r":0.0,
      "f":0.0
    },
    "acl":{
      "p":0.0,
      "r":0.0,
      "f":0.0
    },
    "mark":{
      "p":0.0,
      "r":0.0,
      "f":0.0
    },
    "obl":{
      "p":0.0,
      "r":0.0,
      "f":0.0
    },
    "nsubj:pass":{
      "p":0.0,
      "r":0.0,
      "f":0.0
    },
    "xcomp":{
      "p":0.0,
      "r":0.0,
      "f":0.0
    },
    "cc":{
      "p":0.0,
      "r":0.0,
      "f":0.0
    },
    "conj":{
      "p":0.0,
      "r":0.0,
      "f":0.0
    },
    "dislocated":{
      "p":0.0,
      "r":0.0,
      "f":0.0
    },
    "amod":{
      "p":0.0,
      "r":0.0,
      "f":0.0
    },
    "parataxis":{
      "p":0.0,
      "r":0.0,
      "f":0.0
    },
    "fixed":{
      "p":0.0,
      "r":0.0,
      "f":0.0
    },
    "nummod":{
      "p":0.0,
      "r":0.0,
      "f":0.0
    },
    "csubj:pass":{
      "p":0.0,
      "r":0.0,
      "f":0.0
    },
    "obl:agent":{
      "p":0.0,
      "r":0.0,
      "f":0.0
    },
    "orphan":{
      "p":0.0,
      "r":0.0,
      "f":0.0
    },
    "vocative":{
      "p":0.0,
      "r":0.0,
      "f":0.0
    },
    "aux":{
      "p":0.0,
      "r":0.0,
      "f":0.0
    },
    "aux:pass":{
      "p":0.0,
      "r":0.0,
      "f":0.0
    },
    "flat:name":{
      "p":0.0,
      "r":0.0,
      "f":0.0
    }
  },
  "lemma_acc":0.9220720721,
  "ents_p":null,
  "ents_r":null,
  "ents_f":null,
  "ents_per_type":null,
  "speed":2651.1250946872
}