{
  "token_acc":1.0,
  "token_p":0.9981990095,
  "token_r":0.9990986931,
  "token_f":0.9986486486,
  "tag_acc":0.2346226061,
  "pos_acc":0.0963466376,
  "morph_acc":0.2778278504,
  "morph_micro_p":0.6886388845,
  "morph_micro_r":0.0981304191,
  "morph_micro_f":0.171782051,
  "morph_per_feat":{
    "Case":{
      "p":0.629375429,
      "r":0.1206102854,
      "f":0.2024282561
    },
    "Gender":{
      "p":0.5312285518,
      "r":0.1026389073,
      "f":0.1720382307
    },
    "Number":{
      "p":0.8723526045,
      "r":0.1635193133,
      "f":0.2754133912
    },
    "Aspect":{
      "p":0.5142857143,
      "r":0.0630693763,
      "f":0.1123595506
    },
    "Mood":{
      "p":0.7206896552,
      "r":0.1217239371,
      "f":0.2082710513
    },
    "Person":{
      "p":0.7172413793,
      "r":0.0790874525,
      "f":0.1424657534
    },
    "Tense":{
      "p":0.7601351351,
      "r":0.0821167883,
      "f":0.1482213439
    },
    "VerbForm":{
      "p":0.7533783784,
      "r":0.0813571689,
      "f":0.1468554495
    },
    "Voice":{
      "p":0.5743243243,
      "r":0.0620437956,
      "f":0.1119894598
    },
    "PronType":{
      "p":0.75,
      "r":0.0010033445,
      "f":0.002004008
    },
    "Degree":{
      "p":0.0,
      "r":0.0,
      "f":0.0
    },
    "Definite":{
      "p":0.0,
      "r":0.0,
      "f":0.0
    },
    "Reflex":{
      "p":0.0,
      "r":0.0,
      "f":0.0
    },
    "Polarity":{
      "p":1.0,
      "r":0.0135746606,
      "f":0.0267857143
    },
    "Poss":{
      "p":0.0,
      "r":0.0,
      "f":0.0
    }
  },
  "sents_p":0.0004826255,
  "sents_r":0.0028653295,
  "sents_f":0.0008261049,
  "dep_uas":0.0519002554,
  "dep_las":0.0410079237,
  "dep_las_per_type":{
    "iobj":{
      "p":0.0,
      "r":0.0,
      "f":0.0
    },
    "root":{
      "p":0.0877813505,
      "r":0.5214899713,
      "f":0.1502683363
    },
    "nsubj":{
      "p":0.0,
      "r":0.0,
      "f":0.0
    },
    "advmod":{
      "p":0.0,
      "r":0.0,
      "f":0.0
    },
    "advcl":{
      "p":0.0,
      "r":0.0,
      "f":0.0
    },
    "ccomp":{
      "p":0.0,
      "r":0.0,
      "f":0.0
    },
    "discourse":{
      "p":0.0,
      "r":0.0,
      "f":0.0
    },
    "obj":{
      "p":0.0,
      "r":0.0,
      "f":0.0
    },
    "det":{
      "p":0.0,
      "r":0.0,
      "f":0.0
    },
    "nmod":{
      "p":0.0,
      "r":0.0,
      "f":0.0
    },
    "cop":{
      "p":0.0,
      "r":0.0,
      "f":0.0
    },
    "appos":{
      "p":0.0,
      "r":0.0,
      "f":0.0
    },
    "case":{
      "p":0.0,
      "r":0.0,
      "f":0.0
    },
    "acl":{
      "p":0.0,
      "r":0.0,
      "f":0.0
    },
    "mark":{
      "p":0.0,
      "r":0.0,
      "f":0.0
    },
    "obl":{
      "p":0.0,
      "r":0.0,
      "f":0.0
    },
    "nsubj:pass":{
      "p":0.0,
      "r":0.0,
      "f":0.0
    },
    "xcomp":{
      "p":0.0,
      "r":0.0,
      "f":0.0
    },
    "cc":{
      "p":0.0,
      "r":0.0,
      "f":0.0
    },
    "conj":{
      "p":0.0,
      "r":0.0,
      "f":0.0
    },
    "dislocated":{
      "p":0.0,
      "r":0.0,
      "f":0.0
    },
    "amod":{
      "p":0.0,
      "r":0.0,
      "f":0.0
    },
    "parataxis":{
      "p":0.0,
      "r":0.0,
      "f":0.0
    },
    "fixed":{
      "p":0.0,
      "r":0.0,
      "f":0.0
    },
    "nummod":{
      "p":0.0,
      "r":0.0,
      "f":0.0
    },
    "csubj:pass":{
      "p":0.0,
      "r":0.0,
      "f":0.0
    },
    "obl:agent":{
      "p":0.0,
      "r":0.0,
      "f":0.0
    },
    "orphan":{
      "p":0.0,
      "r":0.0,
      "f":0.0
    },
    "vocative":{
      "p":0.0,
      "r":0.0,
      "f":0.0
    },
    "aux":{
      "p":0.0,
      "r":0.0,
      "f":0.0
    },
    "aux:pass":{
      "p":0.0,
      "r":0.0,
      "f":0.0
    },
    "flat:name":{
      "p":0.0,
      "r":0.0,
      "f":0.0
    }
  },
  "lemma_acc":0.9286786787,
  "ents_p":null,
  "ents_r":null,
  "ents_f":null,
  "ents_per_type":null,
  "speed":156.5612070991
}