{
  "token_acc":0.99976153,
  "token_p":0.9983307102,
  "token_r":0.9987117706,
  "token_f":0.998521204,
  "tag_acc":0.0031496815,
  "pos_acc":0.2192794083,
  "morph_acc":0.3625083516,
  "morph_micro_p":0.589750054,
  "morph_micro_r":0.3182887243,
  "morph_micro_f":0.413442238,
  "morph_per_feat":{
    "Mood":{
      "p":0.4835622139,
      "r":0.5635305529,
      "f":0.5204927212
    },
    "Number":{
      "p":0.8209785632,
      "r":0.3815789474,
      "f":0.5210031674
    },
    "Person":{
      "p":0.4821061292,
      "r":0.5451162791,
      "f":0.5116786728
    },
    "Tense":{
      "p":0.5213474344,
      "r":0.357027897,
      "f":0.4238178634
    },
    "VerbForm":{
      "p":0.5295730513,
      "r":0.3630504834,
      "f":0.4307790346
    },
    "Voice":{
      "p":0.4896200548,
      "r":0.3353004292,
      "f":0.3980257921
    },
    "Case":{
      "p":0.6941747573,
      "r":0.2322895046,
      "f":0.3480965583
    },
    "Gender":{
      "p":0.5749730313,
      "r":0.1928364689,
      "f":0.2888106204
    },
    "Aspect":{
      "p":0.2254098361,
      "r":0.5695266272,
      "f":0.3229865772
    },
    "Degree":{
      "p":0.0,
      "r":0.0,
      "f":0.0
    },
    "Polarity":{
      "p":0.0,
      "r":0.0,
      "f":0.0
    },
    "PronType":{
      "p":0.0,
      "r":0.0,
      "f":0.0
    }
  },
  "sents_p":0.0,
  "sents_r":0.0,
  "sents_f":0.0,
  "dep_uas":0.0286212738,
  "dep_las":0.0118328234,
  "dep_las_per_type":{
    "root":{
      "p":0.0712320391,
      "r":0.1784073507,
      "f":0.1018134149
    },
    "advmod":{
      "p":0.0,
      "r":0.0,
      "f":0.0
    },
    "nsubj":{
      "p":0.0,
      "r":0.0,
      "f":0.0
    },
    "det":{
      "p":0.0,
      "r":0.0,
      "f":0.0
    },
    "nmod":{
      "p":0.3333333333,
      "r":0.0004440497,
      "f":0.000886918
    },
    "obj":{
      "p":0.0,
      "r":0.0,
      "f":0.0
    },
    "advcl":{
      "p":0.0,
      "r":0.0,
      "f":0.0
    },
    "cc":{
      "p":0.0,
      "r":0.0,
      "f":0.0
    },
    "conj":{
      "p":0.0,
      "r":0.0,
      "f":0.0
    },
    "amod":{
      "p":0.0,
      "r":0.0,
      "f":0.0
    },
    "cop":{
      "p":0.0,
      "r":0.0,
      "f":0.0
    },
    "obl":{
      "p":0.0,
      "r":0.0,
      "f":0.0
    },
    "case":{
      "p":0.0,
      "r":0.0,
      "f":0.0
    },
    "xcomp":{
      "p":0.0,
      "r":0.0,
      "f":0.0
    },
    "csubj":{
      "p":0.0,
      "r":0.0,
      "f":0.0
    },
    "mark":{
      "p":0.0,
      "r":0.0,
      "f":0.0
    },
    "ccomp":{
      "p":0.0,
      "r":0.0,
      "f":0.0
    },
    "fixed":{
      "p":0.0,
      "r":0.0,
      "f":0.0
    },
    "discourse":{
      "p":0.0,
      "r":0.0,
      "f":0.0
    },
    "vocative":{
      "p":0.0,
      "r":0.0,
      "f":0.0
    },
    "acl":{
      "p":0.0,
      "r":0.0,
      "f":0.0
    },
    "iobj":{
      "p":0.0,
      "r":0.0,
      "f":0.0
    },
    "parataxis":{
      "p":0.0,
      "r":0.0,
      "f":0.0
    },
    "appos":{
      "p":0.0,
      "r":0.0,
      "f":0.0
    },
    "nummod":{
      "p":0.0,
      "r":0.0,
      "f":0.0
    }
  },
  "lemma_acc":0.7542758999,
  "ents_p":null,
  "ents_r":null,
  "ents_f":null,
  "ents_per_type":null,
  "speed":2794.1644637316
}