{
  "token_acc":0.99976153,
  "token_p":0.9983307102,
  "token_r":0.9987117706,
  "token_f":0.998521204,
  "tag_acc":0.0004295123,
  "pos_acc":0.1532771826,
  "morph_acc":0.3961917488,
  "morph_micro_p":0.7017568517,
  "morph_micro_r":0.1941026688,
  "morph_micro_f":0.3040942796,
  "morph_per_feat":{
    "Mood":{
      "p":0.797029703,
      "r":0.2342386033,
      "f":0.3620689655
    },
    "Number":{
      "p":0.8233054075,
      "r":0.2466534834,
      "f":0.3795868204
    },
    "Person":{
      "p":0.7858319605,
      "r":0.2218604651,
      "f":0.3460282916
    },
    "Tense":{
      "p":0.8207831325,
      "r":0.1461909871,
      "f":0.2481785064
    },
    "VerbForm":{
      "p":0.8147590361,
      "r":0.145273899,
      "f":0.2465815861
    },
    "Voice":{
      "p":0.6521084337,
      "r":0.1161480687,
      "f":0.1971766849
    },
    "Case":{
      "p":0.6297629763,
      "r":0.1894233372,
      "f":0.2912446233
    },
    "Gender":{
      "p":0.5891891892,
      "r":0.1774602026,
      "f":0.2727651884
    },
    "Aspect":{
      "p":0.4891566265,
      "r":0.300295858,
      "f":0.3721356554
    },
    "Degree":{
      "p":0.0,
      "r":0.0,
      "f":0.0
    },
    "Polarity":{
      "p":0.0,
      "r":0.0,
      "f":0.0
    },
    "PronType":{
      "p":0.0,
      "r":0.0,
      "f":0.0
    }
  },
  "sents_p":0.0005856515,
  "sents_r":0.0015313936,
  "sents_f":0.0008472781,
  "dep_uas":0.0267502718,
  "dep_las":0.0121362292,
  "dep_las_per_type":{
    "root":{
      "p":0.0699239321,
      "r":0.1830015314,
      "f":0.1011854361
    },
    "advmod":{
      "p":0.0,
      "r":0.0,
      "f":0.0
    },
    "nsubj":{
      "p":0.0,
      "r":0.0,
      "f":0.0
    },
    "det":{
      "p":0.0,
      "r":0.0,
      "f":0.0
    },
    "nmod":{
      "p":0.5,
      "r":0.0004440497,
      "f":0.0008873114
    },
    "obj":{
      "p":0.0,
      "r":0.0,
      "f":0.0
    },
    "advcl":{
      "p":0.0,
      "r":0.0,
      "f":0.0
    },
    "cc":{
      "p":0.0,
      "r":0.0,
      "f":0.0
    },
    "conj":{
      "p":0.0,
      "r":0.0,
      "f":0.0
    },
    "amod":{
      "p":0.0,
      "r":0.0,
      "f":0.0
    },
    "cop":{
      "p":0.0,
      "r":0.0,
      "f":0.0
    },
    "obl":{
      "p":0.0,
      "r":0.0,
      "f":0.0
    },
    "case":{
      "p":0.0,
      "r":0.0,
      "f":0.0
    },
    "xcomp":{
      "p":0.0,
      "r":0.0,
      "f":0.0
    },
    "csubj":{
      "p":0.0,
      "r":0.0,
      "f":0.0
    },
    "mark":{
      "p":0.0,
      "r":0.0,
      "f":0.0
    },
    "ccomp":{
      "p":0.0,
      "r":0.0,
      "f":0.0
    },
    "fixed":{
      "p":0.0,
      "r":0.0,
      "f":0.0
    },
    "discourse":{
      "p":0.0,
      "r":0.0,
      "f":0.0
    },
    "vocative":{
      "p":0.0,
      "r":0.0,
      "f":0.0
    },
    "acl":{
      "p":0.0,
      "r":0.0,
      "f":0.0
    },
    "iobj":{
      "p":0.0,
      "r":0.0,
      "f":0.0
    },
    "parataxis":{
      "p":0.0,
      "r":0.0,
      "f":0.0
    },
    "appos":{
      "p":0.0,
      "r":0.0,
      "f":0.0
    },
    "nummod":{
      "p":0.0,
      "r":0.0,
      "f":0.0
    }
  },
  "lemma_acc":0.7589990697,
  "ents_p":null,
  "ents_r":null,
  "ents_f":null,
  "ents_per_type":null,
  "speed":164.7857088248
}