{
  "token_acc":0.9998541976,
  "token_p":0.9982795323,
  "token_r":0.998862078,
  "token_f":0.9985707202,
  "tag_acc":0.0870377125,
  "pos_acc":0.1949319445,
  "morph_acc":0.3287035686,
  "morph_micro_p":0.5772489501,
  "morph_micro_r":0.2455214916,
  "morph_micro_f":0.3445117036,
  "morph_per_feat":{
    "Case":{
      "p":0.6864039223,
      "r":0.1948190966,
      "f":0.3034977279
    },
    "Gender":{
      "p":0.5524528302,
      "r":0.1574447492,
      "f":0.2450516801
    },
    "Number":{
      "p":0.8206021119,
      "r":0.3251290725,
      "f":0.4657315907
    },
    "Aspect":{
      "p":0.2344307814,
      "r":0.2810271041,
      "f":0.2556228374
    },
    "Mood":{
      "p":0.4722222222,
      "r":0.4498544589,
      "f":0.4607670416
    },
    "Person":{
      "p":0.4771670768,
      "r":0.3650627615,
      "f":0.4136541425
    },
    "Tense":{
      "p":0.4940491933,
      "r":0.2888064317,
      "f":0.3645233681
    },
    "VerbForm":{
      "p":0.5194393018,
      "r":0.3037896365,
      "f":0.3833691197
    },
    "Voice":{
      "p":0.4538481883,
      "r":0.2653061224,
      "f":0.3348619378
    },
    "PronType":{
      "p":0.4861111111,
      "r":0.0117056856,
      "f":0.0228608752
    },
    "Degree":{
      "p":1.0,
      "r":0.0011655012,
      "f":0.0023282887
    },
    "Definite":{
      "p":0.0,
      "r":0.0,
      "f":0.0
    },
    "Reflex":{
      "p":0.0,
      "r":0.0,
      "f":0.0
    },
    "Polarity":{
      "p":0.6,
      "r":0.0542986425,
      "f":0.0995850622
    },
    "Poss":{
      "p":0.0,
      "r":0.0,
      "f":0.0
    }
  },
  "sents_p":0.0005347594,
  "sents_r":0.0021249469,
  "sents_f":0.0008544818,
  "dep_uas":0.0385614989,
  "dep_las":0.0230881975,
  "dep_las_per_type":{
    "iobj":{
      "p":0.0,
      "r":0.0,
      "f":0.0
    },
    "root":{
      "p":0.0815432297,
      "r":0.3242668933,
      "f":0.1303159693
    },
    "nsubj":{
      "p":0.0,
      "r":0.0,
      "f":0.0
    },
    "advmod":{
      "p":0.0,
      "r":0.0,
      "f":0.0
    },
    "advcl":{
      "p":0.0,
      "r":0.0,
      "f":0.0
    },
    "ccomp":{
      "p":0.0,
      "r":0.0,
      "f":0.0
    },
    "discourse":{
      "p":0.0,
      "r":0.0,
      "f":0.0
    },
    "obj":{
      "p":0.0,
      "r":0.0,
      "f":0.0
    },
    "det":{
      "p":0.0,
      "r":0.0,
      "f":0.0
    },
    "nmod":{
      "p":0.1428571429,
      "r":0.0003610108,
      "f":0.0007202017
    },
    "cop":{
      "p":0.0,
      "r":0.0,
      "f":0.0
    },
    "appos":{
      "p":0.0,
      "r":0.0,
      "f":0.0
    },
    "case":{
      "p":0.0,
      "r":0.0,
      "f":0.0
    },
    "acl":{
      "p":0.0,
      "r":0.0,
      "f":0.0
    },
    "mark":{
      "p":0.0,
      "r":0.0,
      "f":0.0
    },
    "obl":{
      "p":0.0,
      "r":0.0,
      "f":0.0
    },
    "nsubj:pass":{
      "p":0.0,
      "r":0.0,
      "f":0.0
    },
    "xcomp":{
      "p":0.0,
      "r":0.0,
      "f":0.0
    },
    "cc":{
      "p":0.0,
      "r":0.0,
      "f":0.0
    },
    "conj":{
      "p":0.0,
      "r":0.0,
      "f":0.0
    },
    "dislocated":{
      "p":0.0,
      "r":0.0,
      "f":0.0
    },
    "amod":{
      "p":0.0,
      "r":0.0,
      "f":0.0
    },
    "parataxis":{
      "p":0.0,
      "r":0.0,
      "f":0.0
    },
    "fixed":{
      "p":0.0,
      "r":0.0,
      "f":0.0
    },
    "nummod":{
      "p":0.0,
      "r":0.0,
      "f":0.0
    },
    "csubj:pass":{
      "p":0.0,
      "r":0.0,
      "f":0.0
    },
    "obl:agent":{
      "p":0.0,
      "r":0.0,
      "f":0.0
    },
    "orphan":{
      "p":0.0,
      "r":0.0,
      "f":0.0
    },
    "vocative":{
      "p":0.0,
      "r":0.0,
      "f":0.0
    },
    "aux":{
      "p":0.0,
      "r":0.0,
      "f":0.0
    },
    "aux:pass":{
      "p":0.0,
      "r":0.0,
      "f":0.0
    },
    "flat:name":{
      "p":0.0,
      "r":0.0,
      "f":0.0
    },
    "csubj":{
      "p":0.0,
      "r":0.0,
      "f":0.0
    }
  },
  "lemma_acc":0.8190954041,
  "ents_p":null,
  "ents_r":null,
  "ents_f":null,
  "ents_per_type":null,
  "speed":2876.2325999807
}