{
  "token_acc":0.9998541976,
  "token_p":0.9982795323,
  "token_r":0.998862078,
  "token_f":0.9985707202,
  "tag_acc":0.0913361931,
  "pos_acc":0.1295847801,
  "morph_acc":0.3533909186,
  "morph_micro_p":0.6989278896,
  "morph_micro_r":0.1491304121,
  "morph_micro_f":0.2458118834,
  "morph_per_feat":{
    "Case":{
      "p":0.6324324324,
      "r":0.1628131021,
      "f":0.2589597344
    },
    "Gender":{
      "p":0.5709529754,
      "r":0.1475506802,
      "f":0.2344998504
    },
    "Number":{
      "p":0.8417253521,
      "r":0.2127915257,
      "f":0.3397044195
    },
    "Aspect":{
      "p":0.4816753927,
      "r":0.1312410842,
      "f":0.2062780269
    },
    "Mood":{
      "p":0.7781609195,
      "r":0.1791479227,
      "f":0.2912454291
    },
    "Person":{
      "p":0.7789232532,
      "r":0.1422594142,
      "f":0.2405802229
    },
    "Tense":{
      "p":0.7896995708,
      "r":0.1137909709,
      "f":0.1989189189
    },
    "VerbForm":{
      "p":0.8004291845,
      "r":0.1153905646,
      "f":0.2017033933
    },
    "Voice":{
      "p":0.6319742489,
      "r":0.0910636982,
      "f":0.1591891892
    },
    "PronType":{
      "p":0.3,
      "r":0.0010033445,
      "f":0.002
    },
    "Degree":{
      "p":0.0,
      "r":0.0,
      "f":0.0
    },
    "Definite":{
      "p":0.0,
      "r":0.0,
      "f":0.0
    },
    "Reflex":{
      "p":0.0,
      "r":0.0,
      "f":0.0
    },
    "Polarity":{
      "p":0.3333333333,
      "r":0.0135746606,
      "f":0.0260869565
    },
    "Poss":{
      "p":0.0,
      "r":0.0,
      "f":0.0
    }
  },
  "sents_p":0.0005102561,
  "sents_r":0.0021249469,
  "sents_f":0.0008229098,
  "dep_uas":0.0360839541,
  "dep_las":0.0240858265,
  "dep_las_per_type":{
    "iobj":{
      "p":0.0,
      "r":0.0,
      "f":0.0
    },
    "root":{
      "p":0.0812684817,
      "r":0.3387165321,
      "f":0.1310855263
    },
    "nsubj":{
      "p":0.0,
      "r":0.0,
      "f":0.0
    },
    "advmod":{
      "p":0.0,
      "r":0.0,
      "f":0.0
    },
    "advcl":{
      "p":0.0,
      "r":0.0,
      "f":0.0
    },
    "ccomp":{
      "p":0.0,
      "r":0.0,
      "f":0.0
    },
    "discourse":{
      "p":0.0,
      "r":0.0,
      "f":0.0
    },
    "obj":{
      "p":0.0,
      "r":0.0,
      "f":0.0
    },
    "det":{
      "p":0.0,
      "r":0.0,
      "f":0.0
    },
    "nmod":{
      "p":0.0,
      "r":0.0,
      "f":0.0
    },
    "cop":{
      "p":0.0,
      "r":0.0,
      "f":0.0
    },
    "appos":{
      "p":0.0,
      "r":0.0,
      "f":0.0
    },
    "case":{
      "p":0.0,
      "r":0.0,
      "f":0.0
    },
    "acl":{
      "p":0.0,
      "r":0.0,
      "f":0.0
    },
    "mark":{
      "p":0.0,
      "r":0.0,
      "f":0.0
    },
    "obl":{
      "p":0.0,
      "r":0.0,
      "f":0.0
    },
    "nsubj:pass":{
      "p":0.0,
      "r":0.0,
      "f":0.0
    },
    "xcomp":{
      "p":0.0,
      "r":0.0,
      "f":0.0
    },
    "cc":{
      "p":0.0,
      "r":0.0,
      "f":0.0
    },
    "conj":{
      "p":0.0,
      "r":0.0,
      "f":0.0
    },
    "dislocated":{
      "p":0.0,
      "r":0.0,
      "f":0.0
    },
    "amod":{
      "p":0.0,
      "r":0.0,
      "f":0.0
    },
    "parataxis":{
      "p":0.0,
      "r":0.0,
      "f":0.0
    },
    "fixed":{
      "p":0.0,
      "r":0.0,
      "f":0.0
    },
    "nummod":{
      "p":0.0,
      "r":0.0,
      "f":0.0
    },
    "csubj:pass":{
      "p":0.0,
      "r":0.0,
      "f":0.0
    },
    "obl:agent":{
      "p":0.0,
      "r":0.0,
      "f":0.0
    },
    "orphan":{
      "p":0.0,
      "r":0.0,
      "f":0.0
    },
    "vocative":{
      "p":0.0,
      "r":0.0,
      "f":0.0
    },
    "aux":{
      "p":0.0,
      "r":0.0,
      "f":0.0
    },
    "aux:pass":{
      "p":0.0,
      "r":0.0,
      "f":0.0
    },
    "flat:name":{
      "p":0.0,
      "r":0.0,
      "f":0.0
    },
    "csubj":{
      "p":0.0,
      "r":0.0,
      "f":0.0
    }
  },
  "lemma_acc":0.8249879669,
  "ents_p":null,
  "ents_r":null,
  "ents_f":null,
  "ents_per_type":null,
  "speed":170.8664861785
}