{
  "token_acc":1.0,
  "token_p":1.0,
  "token_r":1.0,
  "token_f":1.0,
  "tag_acc":null,
  "pos_acc":null,
  "morph_acc":null,
  "morph_micro_p":null,
  "morph_micro_r":null,
  "morph_micro_f":null,
  "morph_per_feat":null,
  "sents_p":null,
  "sents_r":null,
  "sents_f":null,
  "dep_uas":null,
  "dep_las":null,
  "dep_las_per_type":null,
  "lemma_acc":null,
  "ents_p":0.8634317159,
  "ents_r":0.8915289256,
  "ents_f":0.8772554003,
  "ents_per_type":{
    "PERSON":{
      "p":0.8841463415,
      "r":0.9119496855,
      "f":0.8978328173
    },
    "GROUP":{
      "p":0.8333333333,
      "r":0.9200968523,
      "f":0.8745684695
    },
    "PLACE":{
      "p":0.8051948052,
      "r":0.7410358566,
      "f":0.7717842324
    }
  },
  "speed":181.3805581295
}