{
  "token_acc":1.0,
  "token_p":1.0,
  "token_r":1.0,
  "token_f":1.0,
  "tag_acc":null,
  "pos_acc":null,
  "morph_acc":null,
  "morph_micro_p":null,
  "morph_micro_r":null,
  "morph_micro_f":null,
  "morph_per_feat":null,
  "sents_p":null,
  "sents_r":null,
  "sents_f":null,
  "dep_uas":null,
  "dep_las":null,
  "dep_las_per_type":null,
  "lemma_acc":null,
  "ents_p":0.8864450128,
  "ents_r":0.8951446281,
  "ents_f":0.8907735801,
  "ents_per_type":{
    "PERSON":{
      "p":0.888133031,
      "r":0.9237421384,
      "f":0.9055876686
    },
    "GROUP":{
      "p":0.9044117647,
      "r":0.8934624697,
      "f":0.8989037759
    },
    "PLACE":{
      "p":0.84375,
      "r":0.7529880478,
      "f":0.7957894737
    }
  },
  "speed":190.6342609337
}